id,distance,nr of squares,distance,nr of squares,distance,nr of squares
1,154.0177240697142,17,154.4442555481387,16
2,159.31641299423708,16
3,121.47049719132909,15
4,165.95180493301166,14
5,131.50605374602407,15
